id,pregunta
[0],New to SQL. Want to use listagg. I'm using Oracle SQL
[1],How to use named paramater in SELECT query statement in NamedParameterJdbcTemplate
[2],Parallel fetches capture the component state leading to race condition
[3],Array validation not working for PATCH in mongoose
[4],How to accept a meeting invitation and set a category in Outlook with VBA?
[5],Is my distilRoberta model overfitting or underfitting?
[6],platly bar chart annotate text cut-off
[7],connect the Html 5 with mysql
[8],Adding New Item to SharePoint List Using REST API with Button Click
[9],Can you use an ID or class of a HTML element as an identifier for CSS?
[10],MPI send function not blocking and continuing execution
[11],"navbar color can't vanished or transparent because it linked body color, how to solve it?"
[12],Creating sub columns in Pandas Dataframes for Summary Statistics
[13],Fit MudCarousel resolution to image item content
[14],Make each event have unique variable for multiple quantity switches
